symbol_id,side,price,qty,kind,ts_ns
1,B,1000000,100,ADD,1710000000000000000
1,B,999500,200,ADD,1710000000001000000
1,A,1000500,150,ADD,1710000000002000000
1,A,1001000,300,ADD,1710000000003000000
1,B,1000000,50,ADD,1710000000004000000
1,B,998000,120,ADD,1710000000005000000
1,A,1000500,150,CANCEL,1710000000006000000
1,B,1000000,100,TRADE,1710000000007000000
1,A,1001000,80,TRADE,1710000000008000000
1,B,999000,250,ADD,1710000000009000000
1,A,1002000,400,ADD,1710000000010000000
1,B,999500,200,CANCEL,1710000000011000000
1,A,1000500,60,ADD,1710000000012000000
1,B,998500,180,ADD,1710000000013000000
1,A,1001500,220,ADD,1710000000014000000
1,B,999000,250,TRADE,1710000000015000000
1,B,997000,300,ADD,1710000000016000000
1,A,1003000,500,ADD,1710000000017000000
1,A,1002000,400,CANCEL,1710000000018000000
1,B,998000,120,TRADE,1710000000019000000
